{
    "rmse": 0.7064790313961655,
    "mae": 0.5460089786145853,
    "r2": 0.28039631008430477
}